subject.ID,trial.ID,sex,y.blink
1,1,0,44.0561101
1,2,0,42.25860023
1,3,0,41.04986556
1,4,0,45.07797177
1,5,0,44.80732855
2,1,1,59.30282751
2,2,1,57.63582424
2,3,1,58.5169772
2,4,1,60.00852883
2,5,1,56.72297303
3,1,0,45.20996
3,2,0,40.50506
3,3,0,42.30699
3,4,0,44.90243
3,5,0,42.90501
4,1,1,45.20996
4,2,1,40.50506
4,3,1,42.30699
4,4,1,44.90243
4,5,1,42.90501